year,value
2018,103.158333333333
2019,104.93
2020,88.4583333333333
2021,82.08
